<?xml version='1.0' encoding='UTF-8' standalone='yes' ?>
<Robot type="FirstInspires-FTC">
    <LynxUsbDevice name="Control Hub Portal" serialNumber="(embedded)" parentModuleAddress="173">
        <LynxModule name="Expansion Hub 2" port="2">
        </LynxModule>
        <LynxModule name="Control Hub" port="173">
            <goBILDA5202SeriesMotor name="leftFront_par0" port="0" />
            <goBILDA5202SeriesMotor name="leftBack_par1" port="1" />
            <goBILDA5202SeriesMotor name="rightFront_perp" port="2" />
            <goBILDA5202SeriesMotor name="rightBack" port="3" />
            <LynxEmbeddedIMU name="imu" port="0" bus="0" />
        </LynxModule>
    </LynxUsbDevice>
</Robot>
