{"backedUpFiles":["/sdcard/FIRST/blocks/Basic Auto.blk","/sdcard/FIRST/blocks/Basic Auto.js","/sdcard/FIRST/blocks/Blue_Duck_Storage_Unit.blk","/sdcard/FIRST/blocks/Blue_Duck_Storage_Unit.js","/sdcard/FIRST/java/src/org/firstinspires/ftc/teamcode/GyroExampleGood.java","/sdcard/FIRST/java/src/org/firstinspires/ftc/teamcode/2021_Freight_Frenzy_TeleOp.java","/sdcard/FIRST/11940-CompBot.xml","/sdcard/FIRST/22091.xml","/sdcard/FIRST/2024 Spring.xml","/sdcard/FIRST/tflitemodels/model_unquant.tflite","/sdcard/FIRST/tflitemodels/labels.txt"],"deviceName":"Control Hub 22091-RC","modifiedTimes":[{"fileName":"/sdcard/FIRST/blocks/Basic Auto.blk","time":"date: Can't stat /sdcard/FIRST/blocks/Basic: No such file or directory"},{"fileName":"/sdcard/FIRST/blocks/Basic Auto.js","time":"date: Can't stat /sdcard/FIRST/blocks/Basic: No such file or directory"},{"fileName":"/sdcard/FIRST/blocks/Blue_Duck_Storage_Unit.blk","time":"Sat Nov 13 13:16:45 EST 2021"},{"fileName":"/sdcard/FIRST/blocks/Blue_Duck_Storage_Unit.js","time":"Sat Nov 13 13:16:45 EST 2021"},{"fileName":"/sdcard/FIRST/java/src/org/firstinspires/ftc/teamcode/GyroExampleGood.java","time":"Thu Sep  8 13:48:53 EDT 2022"},{"fileName":"/sdcard/FIRST/java/src/org/firstinspires/ftc/teamcode/2021_Freight_Frenzy_TeleOp.java","time":"Wed Nov 17 17:04:33 EST 2021"},{"fileName":"/sdcard/FIRST/tflitemodels/model_unquant.tflite","time":"Tue Nov 30 15:45:30 EST 2021"},{"fileName":"/sdcard/FIRST/22091.xml","time":"Fri May  2 19:30:00 EDT 2025"},{"fileName":"/sdcard/FIRST/11940-CompBot.xml","time":"Thu Dec  5 16:03:25 EST 2024"},{"fileName":"/sdcard/FIRST/tflitemodels/labels.txt","time":"Tue Nov 30 20:08:38 EST 2021"},{"fileName":"/sdcard/FIRST/2024 Spring.xml","time":"date: Can't stat /sdcard/FIRST/2024: No such file or directory"}]}